Nama,Alamat,Harga,Rating
ROK PLISKET MAXI SKIRT rok PANJANG,Jakarta Selatan,Rp49.900,4.6
Rok Panjang Kombinasi - Rok Long Hijaber KOMBINASI ANCIEN STORE,Jakarta Barat,Rp153.000,4.9
rok polos panjang wolfis premium silastore BIG PROMO HARGA HEBOH SUPER MURAH,Bandung,Rp35.000,4.9
ROK PANJANG MIDI JEANS - SKIRT PAMELA KOMBINASI,Jakarta Barat,Rp151.000,4.9
Skirt Rok Midi Jeans YOUNG FLAT RY 320214 - LIGHT,Jakarta Barat,Rp148.000,4.9
Skirt Rok Midi - Rok Front Pocket Five CK Light,Jakarta Barat,Rp143.000,4.9
All Size Korean Long Chiffon Skirt Rok Panjang Wanita RK049,Bandung,Rp79.999,4.5
Skirt Rok Midi Jeans Terlaris uk. 27-34,Jakarta Barat,Rp149.000,4.9
Rok Plisket Panjang Mayung,Jepara,Rp40.000,4.5
ROK PAYUNG PLISKET HIGH QUALITY,Jakarta Selatan,Rp30.000,4.8
SALE ROK WOLFIS,Bandung,Rp25.900,4.7
PROMO Basic Long Slit Maxi Skirt RK107,Bandung,Rp54.000,4.6
MyYoora Mini Bodycon Skirt Rok Mini Wanita RK110,Bandung,Rp100.000,4.6
Kamila Pleat Skirt plisket flare rok plisket rok pleat plisket murah plisket payung rok payung,Depok,Rp99.000,4.9
Rok Jeans Wanita - Skirt Jeans KOMBI WARNA Rok Mini V8150 - V8151,Jakarta Barat,Rp121.000,4.8
Rok Payung,Depok,Rp32.000,4.7
Skirt Rok Midi Jeans YOUNG RY 320214 - NAVY,Jakarta Barat,Rp159.000,4.9
"Rok span panjang, rok kerja, rok santai",Bekasi,Rp70.000,4.7
LIMITED Dungaree Body Skirt Overall Wanita RK132,Bandung,Rp100.000,4.5
ROK WAFLE LEBAR Wanita Premium Mode Matterial Wafel Crap Katun Best Seller Ori By Tokodenay,Tangerang Selatan,Rp51.000,4.8
Rok plisket little pleats rok plisket import pleat skirt skirt pleat rok pleat premium rok import,Depok,Rp160.000,5
Rok jumbo,Depok,Rp40.000,4.7
rok payung wafle polos,Bekasi,Rp63.000,4.8
Zaraa Basic Kotak selutut  Carlina Shop,Jakarta Barat,Rp69.500,4.4
Rok Kerja Hitam Panjang A,Jakarta Selatan,Rp67.000,4.9
ROK NINA ZARAH PANJANG  Carlina Shop,Jakarta Barat,Rp39.900,4.7
Skirt Rok Mini Jeans - Skirt Plain Kombinasi Terlaris,Jakarta Barat,Rp121.000,Terjual 228
Rok batik wanita modern bawahan panjang kebaya kondangan payung,Kab. Pekalongan,Rp95.900,4.8
Rok plysket hyget premium murah,Kab. Cirebon,Rp16.500,4.9
Ruffle Zaara skirt Kotak Kecil  Carlina Shop,Jakarta Barat,Rp39.900,5
ROK JEANS PANJANG WANITA,Jakarta Pusat,Rp125.000,4.8
Wedges Midi Flare Skirt Rok Wanita RK137,Bandung,Rp80.000,4.4
Rok Panjang Rempel Seragam SD Coklat - Seragam Sekolah - Seragam Pramuka,Bandung,Rp65.000,4.9
rok span scuba rok kerja rok polos rok panjang wanita,Depok,Rp55.000,4.7
Rok Panjang Rempel Seragam SD Merah - Seragam Sekolah,Bandung,Rp85.000,4.9
BASIC PENCIL SKIRT Rok Span Rok Pensil Big Size RK105-XL,Bandung,Rp69.999,4.7
Rok plisket hyget super,Kab. Cirebon,Rp26.000,4.8
MyYoora Wide Pleated Midi Skirt Rok Midi Wanita RK168,Bandung,Rp79.999,4.7
Ruffle skirt Zarra Basic bahan Katun  Carlina Shop,Jakarta Barat,Rp70.000,4.8
ROK/ONDER panjang motif bunga,Kab. Cirebon,Rp15.000,4.7
Rok kerja formal pinggang karet A Line uk S - 5L  jumbo,Bekasi,Rp84.500,4.8
Rok Celana Muslimah Bahan Drill Warna Hitam Ukuran S M dan L Jagoan Cloth,Depok,Rp130.000,4.8
ROK Panjang Plisket JUMBO Wanita,Solo,Rp41.000,4.4
Rok Jeans Denim Navy Tebaru size S-M-L-XL Rok Panjang Kerja Kantor Wanita Original by Zetha,Semarang,Rp125.000,4.8
"Rok kerja hitam,rok span pendek",Bekasi,Rp65.000,4.6
Rok Bawahan Batik Halus Royal Print Serut 008 002,Bandung,Rp110.000,5
"Rok kerja hitam,rok span panjang",Bekasi,Rp79.900,4.8
Skirt Bonea Navy,Jakarta Barat,Rp147.000,4.9
IZANY ROK Wolfis,Kab. Tangerang,Rp55.000,4.9
Rok Panjang Rempel Seragam SD Putih - Seragam Sekolah,Bandung,Rp65.000,4.8
Rok Panjang Wolfis Premium Kombinasi,Bandung,Rp35.000,4.9
Rok Panjang Jeans Denim Hitam Model A-Line size S-M-L-XL Original by Zetha,Semarang,Rp124.000,4.9
ROK KOTAK BUEBERRY PANJANG G Carlina Shop,Jakarta Barat,Rp45.900,4.6
ROK PANJANG POLOS WANITA BAHAN JERSEY,Depok,Rp33.900,4.8
Rok Lilit  Batik Motif Kerang,Bekasi,Rp48.000,5
Rok Celana Olahraga Alnita Rok Celana Training Asaku Rok Celana Sporty Rocella Sporty,Tangerang Selatan,Rp148.750,4.8
"Rok Panjang Span Jumbo, Rok Kerja hitam, Rok Kerja Panjang",Bekasi,Rp80.000,4.8
Rok Panjang Span SMA Abu - Seragam Sekolah SMA,Bandung,Rp75.000,4.9
Rok Wanita Plisket Panjang PREMIUM Rebertus Safrina,Bandung,Rp60.000,4.9
Rok Panjang Rempel Terus Biru SMP - Seragam Sekolah SMP,Bandung,Rp85.000,5
Rok Panjang Rempel Terus Hitam - Seragam Sekolah SMP - SMA,Bandung,Rp85.000,4.8
Rok Plisket Premium banyak warna,Bekasi,Rp50.000,4.9
Rok Panjang Span SMA Hitam - Seragam Sekolah SMA,Bandung,Rp75.000,4.9
Rok Kain Lilit  94,Bekasi,Rp48.000,4.8
rok polos panjang/rok/hijab/rok kulot,Depok,Rp100.000,4.6
Rok Panjang Rempel Bawah Pinggang Abu SMA - Seragam Sekolah SMA,Bandung,Rp90.000,5
Rok Batik Model Duyung 13 pilihan,Bekasi,Rp54.750,4.8
Rok Pendek Jumbo Hitam Bahan Kerja,Jakarta Selatan,Rp69.000,5
Rok Panjang Span SMP Biru - Seragam Sekolah - Seragam SMP,Bandung,Rp75.000,4.8
Rok Denim Panjang Polos Model A-Line size S-M-L-XL Bawahan Wanita Muslimah Denim Putih Original by Zetha,Semarang,Rp125.000,5
baju stelan reisa,Kab. Bogor,Rp30.000,5
Rok Batik Serut 16,Bandung,Rp110.000,5
Rok Kombinasi Panjang Wolfis Wolvis Skirt Obral Murah,Bandung,Rp30.000,4.8
Rok Jarik Wiru Instan Pasangan Kebaya Kutubaru Kartini,Bantul,Rp65.000,4.6
Rok Panjang Rempel Terus Putih - Seragam Sekolah SMP - SMA,Bandung,Rp85.000,4.8
Rok Plisket Payung Polos Panjang Dress Wanita Skirt Premium,Semarang,Rp26.900,4.8
rok kodok muslim rok kodok panjang hijab bawahan muslim kyora overall rok rok panjang remaja,Bandung,Rp85.000,4.4
Rok Polos Panjang Terbaru Model A-Line Rok Kerja Wanita Bahan Jeans Denim Mocca size S-M-L-XL Original by Zetha,Semarang,Rp125.000,4.9
Rok Panjang Rempel Terus Coklat - Seragam Sekolah SMP - SMA - Pramuka,Bandung,Rp85.000,5
Rok Denim Jeans Panjang A Line Size XXL Denim Navy Termurah Original by Zetha,Semarang,Rp135.000,5
Zetha Rok Panjang Wanita Jeans Denim Coklat Muda Cutting A-Line size S-M-L-XL Original by Zetha,Semarang,Rp125.000,5
Rok Pendek Seragam SD Warna Merah Rempel - Seragam Sekolah,Bandung,Rp55.000,4.9
Zetha Rok Panjang Denim Full Black Model A-Line size XXL Original Termurah,Semarang,Rp135.000,5
Rok Tutu Gaya Korea Wanita Real Pic Panjang Jaring Renda Pinggang Karet Warna Abu Navy Pink Hitam Mocca Bawahan ABG Dewasa Remaja Kuliah Murah,Bandung,Rp78.000,4.8
Zira Maxi Import 20335-1,Bandar Lampung,Rp240.000,4.9
Rok Batik JUMBO,Pekalongan,Rp35.900,4.9
rok instan plisket jumbo batik annisa long skirt maxi,Tangerang,Rp70.000,4.7
Rok Panjang Rempel Terus Abu SMA - Seragam Sekolah SMA,Bandung,Rp85.000,5
Rok Pendek Span SMP Biru - Seragam Sekolah,Bandung,Rp65.000,4.9
Rok Batik,Bandung,Rp35.000,5
ROK PLISKET FLARE SKIRT DEWASA KREASI MODE 350002,Jakarta Utara,Rp21.000,4.9
Rok Panjang Rempel Bawah Pinggang Hitam - Seragam Sekolah SMP - SMA,Bandung,Rp85.000,4.7
Rok Lilit  12 Pilihan Warna,Bekasi,Rp48.000,4.6
Rocela Rok dan Celana 2 in 1 by Rindiya Hijab,Bandung,Rp100.000,4.3
ROK ONDE KATUN WOLFIS PANJANG Carlina Shop,Jakarta Barat,Rp45.900,5
"Rok jeans payung, umbrella jeans skirt",Bekasi,Rp85.000,5
ROK PANJANG ROK PLISKET MAXI ROK PLISKET PREMIUM ROK PLISKET JERSEY ROK PLISKET MURAH ROK PLISKET ROK,Jepara,Rp23.999,4.8
Rok Celana Muslimah Bahan Drill Warna Biru Dongker Ukuran S M dan L Jagoan Cloth,Depok,Rp130.000,4.8
Rok Panjang Span SMP Putih - Seragam Sekolah,Bandung,Rp75.000,4.7
Rok Pendek Span SMP Putih - Seragam Sekolah,Bandung,Rp65.000,5
Rok Formal Besar Jumbo 4L dan 5L Rok Kerja Kantor Rok Setelan Blazer,Jakarta Utara,Rp89.900,4.8
MyYoora Premium Slim Maxi Skirt Rok Span Panjang Wanita RK107-B,Bandung,Rp99.999,5
Zetha Rok Panjang Wanita Terbaru Model A-Line Jeans Denim Marun size S-M-L-XL Termurah Original,Semarang,Rp125.000,5
Rok KOREA Panjang Prisket - Hitam,Jakarta Barat,Rp99.900,5
CUCI GUDANG Midi Lace Skirt Rok Span Sepan Pensil Pencil Skirt RK170,Bandung,Rp60.000,4.8
Miyoshi Jeans  Overall Short Skirt MY17OV120PD-Dark Blue,Tangerang,Rp182.900,4.9
Rok Panjang Prisket Rempel Pinggang Karet,Jakarta Selatan,Rp59.000,4.9
Rok Pendek Seragam SD Warna Putih Rempel - Seragam Sekolah,Bandung,Rp55.000,4.8
Rok Pendek Span SMA Abu - Seragam Sekolah SMA,Bandung,Rp65.000,5
Rok Panjang Jeans Model A-Line Denim Dusty Pink size S-M-L-XL Original by Zetha Asli Murah,Semarang,Rp130.000,5
rok span/rok kerja/rok panjang/rok wanita/bawahan,Depok,Rp55.000,4
Rok Kain Lilit Maron Dan Navy,Bekasi,Rp48.000,4.9
Rok Celana Muslimah Bahan Drill Warna Coklat Pramuka Ukuran XL Jagoan Cloth,Depok,Rp135.000,4.9
NHM Rok Celana Muslimah Gray - Celana Kulot Panjang,Bekasi,Rp79.900,5
Rok kerja/rok kantor panjang rempel uk S s-d 4L,Bekasi,Rp77.000,4.4
rok lilit payung batik destiani long skirt,Tangerang,Rp93.100,5
ROK PLISKET WOVEN DEWASA KREASI MODE 350012,Jakarta Utara,Rp21.000,5
ROK XARA PANJANG KANCING  Carlina Shop,Jakarta Barat,Rp29.900,4.9
Rok Panjang Polos,Kediri,Rp26.200,4.8
Rok Plisket Premium Polos Rok Kuliah Rok Kerja Rok pengajian,Kab. Bekasi,Rp28.500,4.6
Rok plisket hitam A-line,Bekasi,Rp55.000,4.7
ROK JUMBO WOLFIS PAYUNG 3M TERMURAH,Bandung,Rp49.900,5
Rok Pendek Mutye Casual Midi Skirt Jumbo Payung Wanita,Tangerang,Rp50.000,4.9
Rok Pendek Seragam SD Warna Coklat Rempel - Seragam Sekolah - Seragam Pramuka,Bandung,Rp55.000,4.7
Rok Pendek Span SMA Hitam - Seragam Sekolah SMA,Bandung,Rp65.000,5
NEW Special Slimming Jeans Skirt  Rok Jeans  Slim Skirt Jeans,Kab. Tangerang,Rp38.000,4
Rok Panjang Rempel Bawah Pinggang Coklat - Seragam Sekolah SMP - SMA - Pramuka,Bandung,Rp85.000,4.7
Long Plisket Rok Kebaya 23 Motif dan Warna,Bekasi,Rp58.500,5
Rok wanita rok plisket murah rok rempel panjang rok kerja rok plisket,Kab. Cirebon,Rp35.000,4.7
Rok Panjang Rempel Bawah Pinggang Putih - Seragam Sekolah SMP - SMA,Bandung,Rp85.000,4.9
MyYoora Highwaist Slit Skirt Rok Panjang Wanita RK183,Bandung,Rp89.999,5
MY RIBBON MAXI SKIRT Bawahan Celana Rok wanita,Kab. Bandung,Rp55.000,4.5
Zetha Rok Jeans Denim Biru Sedang size S-M-L-XL Model A-Line Panjang Polos Termurah Original,Semarang,Rp125.000,5
Rok KOREA Prisket 7/8 - Hitam,Jakarta Barat,Rp74.900,4.8
Rok Pendek Bahan Hitam Kerja,Jakarta Selatan,Rp65.000,5
Rok Panjang Span SMA Putih - Seragam Sekolah SMA,Bandung,Rp75.000,4.9
Rok Flanel rok tebal rok tartan rok murah rok ruffle skirt rok maxi rok mayung rok payung,Depok,Rp190.000,5
Rok wolfis panjang banyak motif RANDOM,Kab. Tangerang,Rp55.000,4.8
Rok Panjang Syari Putih Polos Size XXL Busana Bawahan Hijab Muslimah Original by Zetha,Semarang,Rp135.000,4.7
Rok Span Rajut Korean Wanita,Bandung,Rp52.500,4.7
Dailyoutfits Rok Tartan Pleated Midi Skirt Flare Umbrella Premium,Tangerang,Rp179.900,5
Dailys Rok Pleated Midi Skirt Flare Linen Plain Umbrella Premium Quality,Tangerang,Rp209.900,5
Rok Panjang Span Hitam Wanita/Cewek Formal,Jakarta Selatan,Rp95.000,5
Long Plisket Kebaya Aneka Motif Pilihan,Bekasi,Rp58.500,5
Miyoshi Josei  Skirt Woven Twill DCMJ002BN-BROWN,Tangerang,Rp85.900,4.7
Rok Panjang Rempel Bawah Pinggang Biru SMP - Seragam Sekolah SMP,Bandung,Rp85.000,5
Rok Celana Muslimah Bahan Drill Hitam Ukuran XXL,Depok,Rp135.000,4.8
Rok Pendek Dalaman Androk Baju Gamis Wanita Uk. M - XXL Katun Adem Yutind - GN art.RD A1 - Aneka Koleksi Pakaian,Jakarta Selatan,Rp35.600,5
Rok Plisket,Semarang,Rp24.000,4.1
Rok mini rok pendek buat luar celana senam ghinarr Shop,Jakarta Pusat,Rp48.900,4.7
